Workbook

Sheet 검수 워크시트
A1: qa_id | B1: question | C1: answer_gold | D1: domain | E1: categories | F1: question_type | G1: expected_source_urls | H1: is_fallback_expected | I1: tags | J1: created_by | K1: gen_prompt_version | L1: created_at | M1: decision | N1: edited_question | O1: edited_answer | P1: edit_note | Q1: reviewer | R1: reviewed_at
A2: S001 | B2: 2026학년도 1학기 수강신청 정정 기간은 언제까지인가요? | C2: 2026학년도 1학기 수강신청 정정 기간은 2026년 3월 6일(금)까지입니다. | D2: 1 | E2: 1.4 | F2: A | G2: https://plus.cnu.ac.kr/html/kr/sub05/sub05_05020101_01.html | H2: FALSE | I2: 수강신청,학사일정,정정기간 | J2: human | M2: Accept | P2: 샘플 — 형식 참고용 | Q2: human-d0 | R2: 2026-05-26
A3: S002 | B3: 기숙사 입사 신청은 어떻게 하나요? | C3: (1) 매학기 모집 공고 확인 (2) 온라인 신청 (3) 합격 발표 확인 (4) 사생비 납부 (5) 입사 | D3: 4 | E3: 4.2 | F3: B | G3: https://dorm.cnu.ac.kr/dorm/info/notice.do, https://dorm.cnu.ac.kr/dorm/info/howto.do | H3: FALSE | I3: 기숙사,입사신청,절차 | J3: human | M3: Accept | P3: 샘플 — 형식 참고용 | Q3: human-d0 | R3: 2026-05-26
A4: S004 | B4: 충남대학교 컴퓨터공학과의 2024년 졸업자 취업률은? | C4: (corpus 빌드 후 채움) | D4: 7 | E4: 7.5 | F4: D | G4: https://www.academyinfo.go.kr/popup/... | H4: FALSE | I4: 취업률,컴퓨터공학과,통계 | J4: human | M4: Reject | P4: 예시: placeholder 남아있어 Reject. D-1에서는 실제 값 채워 재생성 | Q4: human-d0 | R4: 2026-05-26

Sheet 검수 가이드
A1: Phase D-2 검수 빠른 참조
A3: North Star: 정확성 > 자연스러움 > 표현
A4: 애매하면 Reject. Edit로 살리려고 시간 쓰지 말 것.
A5: 자세한 규칙: eval/eval-rubric.md 참조
A7: 3-way 의사결정
A8: Accept: 변경 없이 그대로 통과. final set에 포함
A9: Edit: 핵심 사실은 맞으나 표현/source 일부 보정. edited_* 컬럼과 edit_note 채움
A10: Reject: 정답 틀림/모호함/근거 없음/질문 부적절. final set 제외. edit_note에 사유 1줄
A12: 타입별 Reject 시그널 (빠른 체크)
A13: A 사실: 숫자·날짜가 chunk와 다름 / 단정 표현으로 임의 변경
A14: B 절차: chunk에 없는 단계 추가 / 단계 순서 모순
A15: C 비교: 비교 대상 중 하나만 chunk에 있고 나머지는 환각 / 비교 결론 반대
... A40: 5) 검수 완료 시 진행률 대시보드 시트에서 통과율 확인

Sheet Enum 참조
A1: Domain | B1: 이름 | C1: Type | D1: 설명 | F1: 카테고리 (대표) | G1: 도메인 | H1: 설명
A2: 1 | B2: 학사 | C2: A | D2: 사실 Factual — 평가 대상 | F2: 1.1 | G2: 1 | H2: 학사일정
A3: 2 | B3: 식생활 | C3: B | D3: 절차 Procedural — 평가 대상 | F3: 1.2 | G3: 1 | H3: 졸업요건
A4: 3 | B4: 도서관 | C4: C | D4: 비교 Comparative — 평가 대상 | F4: 1.3 | G4: 1 | H4: 학칙·규정
A5: 4 | B5: 기숙사 | C5: D | D5: 통계 Statistical — 평가 대상 (학사·기숙사·취업만) | F5: 1.4 | G5: 1 | H5: 수강신청·정정
A6: 5 | B6: 학생활동·공지 | C6: E | D6: 추천 Recommendation — 시연 전용 (평가 X) | F6: 1.5 | G6: 1 | H6: 휴복학
A7: 6 | B7: 장학금·등록금 | C7: F | D7: 시점 Temporal — 시연 전용 (평가 X) | F7: 1.6 | G7: 1 | H7: 복수전공·부전공
A8: 7 | B8: 진로·취업 | F8: 1.7 | G8: 1 | H8: D-통계 (대학알리미)
A9: 8 | B9: 행정·증명서 | F9: 2.1 | G9: 2 | H9: 식당 운영시간·위치
A10: 9 | B10: 캠퍼스 생활·시설 | F10: 2.2 | G10: 2 | H10: 메뉴·가격
F11: 2.3 | G11: 2 | H11: 식권 구매
F12: 3.1 | G12: 3 | H12: 도서관 운영시간
F13: 3.4 | G13: 3 | H13: 자료검색·대출·연장
F14: 3.5 | G14: 3 | H14: 대출규정
F15: 도서관FAQ | G15: 3 | H15: FAQ 시드
F16: 4.1 | G16: 4 | H16: 생활관 종류·위치
F17: 4.2 | G17: 4 | H17: 신청 일정·자격
F18: 4.4 | G18: 4 | H18: 입사 규정+생활수칙
F19: 4.7 | G19: 4 | H19: D-통계
F20: 5.3 | G20: 5 | H20: 학내 행사·축제
F21: 5.4 | G21: 5 | H21: 일반공지 (백마광장)
F22: 6.1 | G22: 6 | H22: 장학금 종류
... F34: 9.4 | G34: 9 | H34: 보건진료소+FAQ

Sheet 진행률 대시보드
A1: 검수 진행률 대시보드
A3: 전체 요약
A4: 총 행 수 (헤더 제외) | B4: =COUNTA('검수 워크시트'!A2:A1000) -> 3
A5: Accept | B5: =COUNTIF('검수 워크시트'!M2:M1000,"Accept") -> 2 | C5: =IFERROR(B5/B4,0) -> 0.66666667
A6: Edit | B6: =COUNTIF('검수 워크시트'!M2:M1000,"Edit") -> 0 | C6: =IFERROR(B6/B4,0) -> 0
A7: Reject | B7: =COUNTIF('검수 워크시트'!M2:M1000,"Reject") -> 1 | C7: =IFERROR(B7/B4,0) -> 0.33333333
A8: 미검수 (decision 공란) | B8: =B4-B5-B6-B7 -> 0 | C8: =IFERROR(B8/B4,0) -> 0
A9: 최종 통과 (Accept+Edit) | B9: =B5+B6 -> 2 | C9: =IFERROR(B9/B4,0) -> 0.66666667
A11: 도메인별
A12: Domain | B12: 이름 | C12: 총 | D12: Accept | E12: Edit | F12: Reject | G12: 통과율
A13: 1 | B13: 학사 | C13: =COUNTIF('검수 워크시트'!D2:D1000,A13) -> 1 | D13: =COUNTIFS('검수 워크시트'!D2:D1000,A13,'검수 워크시트'!M2:M1000,"Accept") -> 1 | E13: =COUNTIFS('검수 워크시트'!D2:D1000,A13,'검수 워크시트'!M2:M1000,"Edit") -> 0 | F13: =COUNTIFS('검수 워크시트'!D2:D1000,A13,'검수 워크시트'!M2:M1000,"Reject") -> 0 | G13: =IFERROR((D13+E13)/C13,0) -> 1
A14: 2 | B14: 식생활 | C14: =COUNTIF('검수 워크시트'!D2:D1000,A14) -> 0 | D14: =COUNTIFS('검수 워크시트'!D2:D1000,A14,'검수 워크시트'!M2:M1000,"Accept") -> 0 | E14: =COUNTIFS('검수 워크시트'!D2:D1000,A14,'검수 워크시트'!M2:M1000,"Edit") -> 0 | F14: =COUNTIFS('검수 워크시트'!D2:D1000,A14,'검수 워크시트'!M2:M1000,"Reject") -> 0 | G14: =IFERROR((D14+E14)/C14,0) -> 0
A15: 3 | B15: 도서관 | C15: =COUNTIF('검수 워크시트'!D2:D1000,A15) -> 0 | D15: =COUNTIFS('검수 워크시트'!D2:D1000,A15,'검수 워크시트'!M2:M1000,"Accept") -> 0 | E15: =COUNTIFS('검수 워크시트'!D2:D1000,A15,'검수 워크시트'!M2:M1000,"Edit") -> 0 | F15: =COUNTIFS('검수 워크시트'!D2:D1000,A15,'검수 워크시트'!M2:M1000,"Reject") -> 0 | G15: =IFERROR((D15+E15)/C15,0) -> 0
A16: 4 | B16: 기숙사 | C16: =COUNTIF('검수 워크시트'!D2:D1000,A16) -> 1 | D16: =COUNTIFS('검수 워크시트'!D2:D1000,A16,'검수 워크시트'!M2:M1000,"Accept") -> 1 | E16: =COUNTIFS('검수 워크시트'!D2:D1000,A16,'검수 워크시트'!M2:M1000,"Edit") -> 0 | F16: =COUNTIFS('검수 워크시트'!D2:D1000,A16,'검수 워크시트'!M2:M1000,"Reject") -> 0 | G16: =IFERROR((D16+E16)/C16,0) -> 1
A17: 5 | B17: 학생활동·공지 | C17: =COUNTIF('검수 워크시트'!D2:D1000,A17) -> 0 | D17: =COUNTIFS('검수 워크시트'!D2:D1000,A17,'검수 워크시트'!M2:M1000,"Accept") -> 0 | E17: =COUNTIFS('검수 워크시트'!D2:D1000,A17,'검수 워크시트'!M2:M1000,"Edit") -> 0 | F17: =COUNTIFS('검수 워크시트'!D2:D1000,A17,'검수 워크시트'!M2:M1000,"Reject") -> 0 | G17: =IFERROR((D17+E17)/C17,0) -> 0
A18: 6 | B18: 장학금·등록금 | C18: =COUNTIF('검수 워크시트'!D2:D1000,A18) -> 0 | D18: =COUNTIFS('검수 워크시트'!D2:D1000,A18,'검수 워크시트'!M2:M1000,"Accept") -> 0 | E18: =COUNTIFS('검수 워크시트'!D2:D1000,A18,'검수 워크시트'!M2:M1000,"Edit") -> 0 | F18: =COUNTIFS('검수 워크시트'!D2:D1000,A18,'검수 워크시트'!M2:M1000,"Reject") -> 0 | G18: =IFERROR((D18+E18)/C18,0) -> 0
A19: 7 | B19: 진로·취업 | C19: =COUNTIF('검수 워크시트'!D2:D1000,A19) -> 1 | D19: =COUNTIFS('검수 워크시트'!D2:D1000,A19,'검수 워크시트'!M2:M1000,"Accept") -> 0 | E19: =COUNTIFS('검수 워크시트'!D2:D1000,A19,'검수 워크시트'!M2:M1000,"Edit") -> 0 | F19: =COUNTIFS('검수 워크시트'!D2:D1000,A19,'검수 워크시트'!M2:M1000,"Reject") -> 1 | G19: =IFERROR((D19+E19)/C19,0) -> 0
A20: 8 | B20: 행정·증명서 | C20: =COUNTIF('검수 워크시트'!D2:D1000,A20) -> 0 | D20: =COUNTIFS('검수 워크시트'!D2:D1000,A20,'검수 워크시트'!M2:M1000,"Accept") -> 0 | E20: =COUNTIFS('검수 워크시트'!D2:D1000,A20,'검수 워크시트'!M2:M1000,"Edit") -> 0 | F20: =COUNTIFS('검수 워크시트'!D2:D1000,A20,'검수 워크시트'!M2:M1000,"Reject") -> 0 | G20: =IFERROR((D20+E20)/C20,0) -> 0
A21: 9 | B21: 캠퍼스 생활·시설 | C21: =COUNTIF('검수 워크시트'!D2:D1000,A21) -> 0 | D21: =COUNTIFS('검수 워크시트'!D2:D1000,A21,'검수 워크시트'!M2:M1000,"Accept") -> 0 | E21: =COUNTIFS('검수 워크시트'!D2:D1000,A21,'검수 워크시트'!M2:M1000,"Edit") -> 0 | F21: =COUNTIFS('검수 워크시트'!D2:D1000,A21,'검수 워크시트'!M2:M1000,"Reject") -> 0 | G21: =IFERROR((D21+E21)/C21,0) -> 0
A23: 타입별
A24: Type | B24: 설명 | C24: 총 | D24: Accept | E24: Edit | F24: Reject | G24: 통과율
A25: A | B25: 사실 Factual — 평가 대상 | C25: =COUNTIF('검수 워크시트'!F2:F1000,A25) -> 1 | D25: =COUNTIFS('검수 워크시트'!F2:F1000,A25,'검수 워크시트'!M2:M1000,"Accept") -> 1 | E25: =COUNTIFS('검수 워크시트'!F2:F1000,A25,'검수 워크시트'!M2:M1000,"Edit") -> 0 | F25: =COUNTIFS('검수 워크시트'!F2:F1000,A25,'검수 워크시트'!M2:M1000,"Reject") -> 0 | G25: =IFERROR((D25+E25)/C25,0) -> 1
A26: B | B26: 절차 Procedural — 평가 대상 | C26: =COUNTIF('검수 워크시트'!F2:F1000,A26) -> 1 | D26: =COUNTIFS('검수 워크시트'!F2:F1000,A26,'검수 워크시트'!M2:M1000,"Accept") -> 1 | E26: =COUNTIFS('검수 워크시트'!F2:F1000,A26,'검수 워크시트'!M2:M1000,"Edit") -> 0 | F26: =COUNTIFS('검수 워크시트'!F2:F1000,A26,'검수 워크시트'!M2:M1000,"Reject") -> 0 | G26: =IFERROR((D26+E26)/C26,0) -> 1
A27: C | B27: 비교 Comparative — 평가 대상 | C27: =COUNTIF('검수 워크시트'!F2:F1000,A27) -> 0 | D27: =COUNTIFS('검수 워크시트'!F2:F1000,A27,'검수 워크시트'!M2:M1000,"Accept") -> 0 | E27: =COUNTIFS('검수 워크시트'!F2:F1000,A27,'검수 워크시트'!M2:M1000,"Edit") -> 0 | F27: =COUNTIFS('검수 워크시트'!F2:F1000,A27,'검수 워크시트'!M2:M1000,"Reject") -> 0 | G27: =IFERROR((D27+E27)/C27,0) -> 0
A28: D | B28: 통계 Statistical — 평가 대상 (학사·기숙사·취업만) | C28: =COUNTIF('검수 워크시트'!F2:F1000,A28) -> 1 | D28: =COUNTIFS('검수 워크시트'!F2:F1000,A28,'검수 워크시트'!M2:M1000,"Accept") -> 0 | E28: =COUNTIFS('검수 워크시트'!F2:F1000,A28,'검수 워크시트'!M2:M1000,"Edit") -> 0 | F28: =COUNTIFS('검수 워크시트'!F2:F1000,A28,'검수 워크시트'!M2:M1000,"Reject") -> 1 | G28: =IFERROR((D28+E28)/C28,0) -> 0
A29: E | B29: 추천 Recommendation — 시연 전용 (평가 X) | C29: =COUNTIF('검수 워크시트'!F2:F1000,A29) -> 0 | D29: =COUNTIFS('검수 워크시트'!F2:F1000,A29,'검수 워크시트'!M2:M1000,"Accept") -> 0 | E29: =COUNTIFS('검수 워크시트'!F2:F1000,A29,'검수 워크시트'!M2:M1000,"Edit") -> 0 | F29: =COUNTIFS('검수 워크시트'!F2:F1000,A29,'검수 워크시트'!M2:M1000,"Reject") -> 0 | G29: =IFERROR((D29+E29)/C29,0) -> 0
A30: F | B30: 시점 Temporal — 시연 전용 (평가 X) | C30: =COUNTIF('검수 워크시트'!F2:F1000,A30) -> 0 | D30: =COUNTIFS('검수 워크시트'!F2:F1000,A30,'검수 워크시트'!M2:M1000,"Accept") -> 0 | E30: =COUNTIFS('검수 워크시트'!F2:F1000,A30,'검수 워크시트'!M2:M1000,"Edit") -> 0 | F30: =COUNTIFS('검수 워크시트'!F2:F1000,A30,'검수 워크시트'!M2:M1000,"Reject") -> 0 | G30: =IFERROR((D30+E30)/C30,0) -> 0
A33: Fallback Expected
A34: TRUE 개수 | B34: =COUNTIF('검수 워크시트'!H2:H1000,TRUE()) -> 0
A35: 전체 대비 비율 (목표 6~12%) | B35: =IFERROR(B34/B4,0) -> 0
